{"cameraMode":{"drawMode":0,"name":"Shaded","section":"Shading Mode"},"sceneLighting":false,"audioPlay":false,"sceneViewState":{"m_AlwaysRefresh":false,"showFog":true,"showSkybox":false,"showFlares":true,"showImageEffects":true,"showParticleSystems":true,"showVisualEffectGraphs":true,"m_FxEnabled":true},"in2DMode":false,"pivot":{"x":0.5292094349861145,"y":0.0000017434358596801758,"z":0.5306471586227417},"rotation":{"x":-0.03238210454583168,"y":0.9101795554161072,"z":-0.4064617156982422,"w":-0.07251404970884323},"size":0.5688885450363159,"orthographic":false}